author,email,papers,tags
"Bernal, Blanca",,[],"[""Nature Conservation"", ""Ecosystem Restoration"", ""Reforestation""]"
"Murray, Lara T. ",,[],"[""Nature Conservation"", ""Ecosystem Restoration"", ""Reforestation""]"
"Acreman, Mike",,[],"[""Biodiversity Loss""]"
"Adame, M. F. ",,[],"[""Nature Conservation"", ""Land Conservation"", ""Conserved Lands"", ""Land Habitats""]"
"Najera-Hillman, E. ",,[],"[""Nature Conservation"", ""Land Conservation"", ""Conserved Lands"", ""Land Habitats""]"
"Aguirre-Gutiérrez, Jesus",,[],"[""Nature Conservation"", ""Ecosystem Restoration"", ""Grassland Restoration""]"
"Stevens, Nicola",,[],"[""Nature Conservation"", ""Ecosystem Restoration"", ""Grassland Restoration""]"
"Allan, James R. ",,[],"[""Nature Conservation"", ""Land Conservation""]"
"Possingham, Hugh P.",,[],"[""Nature Conservation"", ""Land Conservation""]"
"Altieri, Miguel A. ",,[],"[""Regenerative Agriculture"", ""Regenerative Croplands""]"
"Nicholls, Clara I.",,[],"[""Regenerative Agriculture"", ""Regenerative Croplands""]"
"Ament, Rob",,[],"[""Nature Conservation"", ""Wildlife Connectivity"", ""Land Corridors""]"
"Tabor, Gary",,[],"[""Nature Conservation"", ""Wildlife Connectivity"", ""Land Corridors""]"
"Andre, Pedro",,[],"[""Climate Change""]"
"Falk, Armin",,[],"[""Climate Change""]"
"McGill, Andrew",,[],"[""Nature Conservation"", ""Land Conservation"", ""Urban Biodiversity""]"
"Anjos, Diego V. ",,[],"[""General"", ""Regenerative Croplands"", ""Sustainable Fertilizer""]"
"Tena, Alejandra",,[],"[""General"", ""Regenerative Croplands"", ""Sustainable Fertilizer""]"
"Anthony, Mark A. ",,[],"[""Nature Conservation"", ""Land Conservation""]"
"Crowther, Thomas W.",,[],"[""Nature Conservation"", ""Land Conservation""]"
"Uludere-Aragon, Nazli Z. ",,[],"[""Energy Transition"", ""Renewable Transport"", ""Sustainable Biofuel""]"
"Parker, Nathan C.",,[],"[""Energy Transition"", ""Renewable Transport"", ""Sustainable Biofuel""]"
"Arneth, Almut",,[],"[""Climate Change"", ""Climate Impacts""]"
"Deton, Fatima",,[],"[""Climate Change"", ""Climate Impacts""]"
"Asghari, Gholamreza ",,[],"[""Regenerative Agriculture"", ""Regenerative Croplands"", ""Perennial/Superfoods""]"
"Palizban, Abbasali",,[],"[""Regenerative Agriculture"", ""Regenerative Croplands"", ""Perennial/Superfoods""]"
"Asner, G. P.",,[],"[""Nature Conservation"", ""Land Conservation""]"
"Martin, R. E.",,[],"[""Nature Conservation"", ""Land Conservation""]"
"Atwood, Trisha B. ",,[],"[""Nature Conservation""]"
"Connolly, Rod M. ",,[],"[""Nature Conservation""]"
"Badgley, Grayson",,[],"[""Nature Conservation"", ""Land Conservation""]"
"Freeman, Jeremy",,[],"[""Nature Conservation"", ""Land Conservation""]"
"Bahadur, Krishna",,[],"[""Regenerative Agriculture"", ""Regenerative Croplands"", ""Crop Optimization""]"
"Dias, Goretty M.",,[],"[""Regenerative Agriculture"", ""Regenerative Croplands"", ""Crop Optimization""]"
"Balch, Jennifer K. ",,[],"[""Climate Change"", ""Climate Impacts"", ""Wildfires""]"
"Bradley, Bethany A. ",,[],"[""Climate Change"", ""Climate Impacts"", ""Wildfires""]"
"Baldi, Germán",,[],"[""Nature Conservation"", ""Land Conservation"", ""Protected Lands""]"
"Texeira, Marcos",,[],"[""Nature Conservation"", ""Land Conservation"", ""Protected Lands""]"
"Balmford, Andrew",,[],"[""Nature Conservation""]"
"Keshav, Srinivasan",,[],"[""Nature Conservation""]"
"Bamber, Jonathan L.",,[],"[""Climate Change"", ""Climate Impacts"", ""Sea Level Rise""]"
"Oppenheimer, Michael",,[],"[""Climate Change"", ""Climate Impacts"", ""Sea Level Rise""]"
"Barry, Joshua M. ",,[],"[""Nature Conservation"", ""Land Conservation"", ""Conserved Lands"", ""Land Habitats""]"
"Elbroch, L. Mark",,[],"[""Nature Conservation"", ""Land Conservation"", ""Conserved Lands"", ""Land Habitats""]"
"Baruch-Mordo, S.",,[],"[""Energy Transition"", ""Renewable Power""]"
"Kiesecker, J. M. ",,[],"[""Energy Transition"", ""Renewable Power""]"
"Basso, Bruno",,[],"[""Regenerative Agriculture"", ""Regenerative Croplands"", ""Sustainable Fertilizer""]"
"Shuai, Guanyuan ",,[],"[""Regenerative Agriculture"", ""Regenerative Croplands"", ""Sustainable Fertilizer""]"
"Bauer, Fredric",,[],"[""Energy Transition"", ""Energy Efficiency"", ""Industries & Services"", ""Chemicals - Inorganic""]"
"Tilsted, Joachim P. ",,[],"[""Energy Transition"", ""Energy Efficiency"", ""Industries & Services"", ""Chemicals - Inorganic""]"
"Bayraktarov, Elisa",,[],"[""Nature Conservation"", ""Ecosystem Restoration"", ""Coral/Shore Restoration""]"
"Saunders, Megan I.",,[],"[""Nature Conservation"", ""Ecosystem Restoration"", ""Coral/Shore Restoration""]"
"Stewart-Sinclair, Phoebe J. ",,[],"[""Nature Conservation"", ""Ecosystem Restoration"", ""Coral/Shore Restoration""]"
"Berns, Maurice ",,[],[]
"Herhold, Patrick ",,[],[]
"Beattie, Madeline ",,[],[]
"Fa, Julia E.",,[],[]
"Bednar, Johannes",,[],[]
"Obersteiner, Michael",,[],[]
"Beerling, David J. ",,[],[]
"Leake, Jonathan R. ",,[],[]
"Begum, Khadiza",,[],[]
"Kuhnert, Matthias ",,[],[]
"Beier, Paul",,[],[]
"Beinhocker, Eric D.  ",,[],[]
"Bello, Carolina",,[],[]
"Crowther, Thomas W. ",,[],[]
"Belote, R. Travis",,[],[]
"Dietz, Matthew S.",,[],[]
"BenDor, Todd K. ",,[],[]
"Livengood, Avery ",,[],[]
"Benmrid, Bouchra",,[],[]
"Ghoulam, Cherki ",,[],[]
"Bennett, Elizabeth L. ",,[],[]
"Robinson, John G. ",,[],[]
"Benton, Tim",,[],[]
"Bieg, Carling ",,[],[]
"Murray, Lara T.",,[],[]
"Berners-Lee, M.",,[],[]
"Kennelly, C.",,[],[]
"Berry, Sandra L. ",,[],[]
"Mackey, Brendan ",,[],[]
"Berzaghi, Fabio
",,[],[]
"Cosimano, Thomas ",,[],[]
"Beyer, Robert M. ",,[],[]
"Hua, Fangyuan ",,[],[]
"Billimoria, Sherri",,[],[]
"Guccione, Leia ",,[],[]
"Birch, Joseph D.",,[],[]
"Simard, Suzanne W.",,[],[]
"Bittermann, Klaus",,[],[]
"Rahmstorf, Stefan ",,[],[]
"Blackman, Allen",,[],[]
"Corral, Leonardo ",,[],[]
"Blakemore, Robert J. ",,[],[]
"Bodin, Blaise",,[],[]
"Garavaglia, Valentina ",,[],[]
"Boehm, Rebecca",,[],[]
"Wilde, Parke E. ",,[],[]
"Bogdanov, Dmitrii",,[],[]
"Gulagi, Ashish ",,[],[]
"Manish, Ram",,[],[]
"Bonannella, Carmelo",,[],[]
"Hengl, Tomislav ",,[],[]
"Box, Jason E. ",,[],[]
"Colgan, William T.",,[],[]
"Bradley, Curtis M. ",,[],[]
"Hanson, Chad T.",,[],[]
"Brancalion, Pedro H. S.",,[],[]
"Meli, Paula ",,[],[]
"Brancalion, Pedro S.",,[],[]
Aidin Niamir,,[],[]
"Bren d'Amour, Christopher ",,[],[]
"Reitsma, Femke ",,[],[]
"Brennan, A.",,[],[]
"Naidoo, R.",,[],[]
"Breyer, Christian",,[],[]
"Khalili, Siavash ",,[],[]
"Brodie, Jedediah F.",,[],[]
"Mohd-Azlan, Jayasilan ",,[],[]
"Brown, T.W.",,[],[]
"Bischof-Niemz, T. ",,[],[]
"Bruckner, Benedikt
",,[],[]
"Hubacek, Klaus ",,[],[]
"Budiharta, S.",,[],[]
"Meijaard, E.",,[],[]
"Buma, B.",,[],[]
"Gordon, D. R. ",,[],[]
"Bunyard, Peter P.",,[],[]
"Collin, Eliza ",,[],[]
"Burgess, P.J.",,[],[]
"Harris, J.",,[],[]
"Burivalova, Zuzana",,[],[]
"Yoh, Natalie ",,[],[]
"Butler, Rhett A.",,[],[]
"Towsey, Michael ",,[],[]
"Busch, Jonah",,[],[]
"Ferretti-Gallon, Kalifi ",,[],[]
"Ring, Irene ",,[],[]
AlphaBeta,,[],[]
"Campbell, John L.",,[],[]
"Sessions, John",,[],[]
"Cannon, Charles H.",,[],[]
"Piovesan, Gianluca",,[],[]
Carbon Tracker Initiative,,[],[]
"Asner, Gregory P. ",,[],[]
"Brodrick, Philip G. ",,[],[]
"Carr, Mark H. ",,[],[]
"Robinson, Sarah P.",,[],[]
"Cavicchioli, Ricardo",,[],[]
"Ripple, William J.",,[],[]
"Griffiin, Paul",,[],[]
"Ceballos, Gerardo ",,[],[]
"Ehrlich, Paul",,[],[]
"Chambers, Adam",,[],[]
"Lal, Rattan
",,[],[]
"Chami, Ralph",,[],[]
"Cosimano,Thomas ",,[],[]
"Chancel, Lucas ",,[],[]
"Chaplin-Kramer, Rebecca",,[],[]
"Neugarten, Rachel A.",,[],[]
"Chapman, Melissa
",,[],[]
"Boettiger, Carl ",,[],[]
"Chapman, Colin A.",,[],[]
"DeLuycker, Anneke 
",,[],[]
"Chatzimpiros, Petros
",,[],[]
"Harchaoui, Souhil ",,[],[]
"Chemnitz, Christine",,[],[]
Heinrich Böll Foundation,,[],[]
"Chen, Shiping",,[],[]
"Wang, Wantong ",,[],[]
"Cherlet, Michael",,[],[]
"Hutchinson, Charles",,[],[]
"Xu, Chi ",,[],[]
"Kohler, Timothy A.",,[],[]
"Cianconi, Paolo",,[],[]
"Hanife, Batul ",,[],[]
"Ciracì, Enrico",,[],[]
"Rignot, Eric ",,[],[]
"Coady, David",,[],[]
"Parry, Ian",,[],[]
"Coldren, Glenn A.",,[],[]
"Langley, J. Adam ",,[],[]
"Cook-Patton, Susan C.",,[],[]
"Drever, C. Ronnie ",,[],[]
"Crist, Eileen",,[],[]
"Mora, Camilo ",,[],[]
"Crooks, Stephen",,[],[]
"Sutton-Grier, Ariana E.",,[],[]
"Crowther, T. W.",,[],[]
"Glick, H. B. ",,[],[]
"Curran, Brendan
",,[],[]
"Robins, Nick ",,[],[]
"Curtis, Philip G.",,[],[]
"Slay, Christy M.",,[],[]
"Brack, Duncan",,[],[]
"da Silva, José Maria Cardoso",,[],[]
"Barbosa, Luís Claudio Fernandes ",,[],[]
"Damschen, Ellen I.",,[],[]
"Brudvig, Lars A.",,[],[]
"Daskalova, Gergana
",,[],[]
"Kamp, Johannes ",,[],[]
"Davis, Kyle Frankel",,[],[]
"Rulli, Maria Cristina ",,[],[]
"Davis, Kimberley T.",,[],[]
"Dobrowski, Solomon Z.",,[],[]
"de Lange, Emiel",,[],[]
"Sze, Jocelyne S.",,[],[]
"DellaSala, Dominick. A.",,[],[]
"Mackey, Brendan George ",,[],[]
"DelVecchia, Amanda G.",,[],[]
"Bruno, John F.",,[],[]
"Dempsey, Jessica 
",,[],[]
"Irvine-Broque, Audrey ",,[],[]
"Descals, Adrià",,[],[]
"Gaveau, David L. A. ",,[],[]
"Detges, Adrien",,[],[]
"Heal, Geoffrey M.",,[],[]
"Delmar, Alejandro",,[],[]
"Di Sacco, Alice",,[],[]
"Hardwick, Kate A.",,[],[]
"Di Marco, Moreno",,[],[]
"Butchart, Stuart H. M. ",,[],[]
"Diagne, Christophe",,[],[]
"Leroy, Boris ",,[],[]
"Díaz, Sandra",,[],[]
"Pascual, Unai ",,[],[]
"Diffenbaugh, Noah S.",,[],[]
"Burke, Marshall",,[],[]
"DiMarco, Moreno",,[],[]
"Ferrier, Simon ",,[],[]
"Dinerstein, Eric",,[],"[""General""]"
"Olson, David ",,[],"[""General""]"
"Baccini, Alessandro ",,[],[]
"Ding, Helen",,[],[]
"Veit, Peter G.",,[],[]
"Dobson, Christen ",,[],[]
"Lawrence, Steven",,[],[]
"Donald, Paul F.",,[],[]
"Fishpool, Lincoln D. C.",,[],[]
"Dooley, Kate",,[],[]
"Stabinsky, Doreen ",,[],[]
"Harler, Curt ",,[],[]
"Drijfhout, Sybren ",,[],[]
"Bathiany, Sebastian ",,[],[]
"Dureuil, Manuel",,[],[]
"Boerder, Kristina ",,[],[]
"Dvorak, M. T. ",,[],[]
"Armour, K. C. ",,[],[]
EASAC,,[],[]
Edelman,,[],[]
"Edler, Daniel",,[],[]
"Guedes, Thaís ",,[],[]
"Electris, Christi",,[],[]
"Humphreys, Joshua ",,[],[]
"Ellis, Erie C.",,[],[]
" Bohle, Martin",,[],[]
"Ellison, David",,[],[]
"Morris, Cindy E.",,[],[]
"Elver, Hilal (Ed.)",,[],[]
"Enquist, Brian J. ",,[],[]
"Feng, Xiao ",,[],[]
"Erb, Karl-Heinz",,[],[]
"Lauk, Christian ",,[],[]
"Kastner, Thomas ",,[],[]
"Esquivel‐Muelbert, Adriane",,[],[]
"Baker, Timothy R.",,[],[]
"Estrada, Alejandro ",,[],[]
"Garber, Paul A.",,[],[]
"Evans, Megan C.",,[],[]
"Carwardine, Josie ",,[],[]
"Everard, Mark",,[],[]
"Johnston, Paul A. ",,[],[]
"Falk, Johan",,[],[]
"Gaffney, Owen ",,[],[]
"Fanning, Andrew L.
",,[],[]
"Hickel, Jason ",,[],[]
FAO,,[],[]
"Fargione, Joseph E.",,[],[]
"Bassett, Steven ",,[],[]
"Farnoosh, Arash",,[],[]
"Fastre, Constance",,[],[]
"van Zeist, Willem-Jan ",,[],[]
"Feng, Yu",,[],[]
"Searchinger, Timothy D. ",,[],[]
"Ferguson, Meredith",,[],[]
"Fewster, Richard E.
",,[],[]
"Morris, Paul J. ",,[],[]
"Field, Christopher B.",,[],[]
"Barros, Vicente R. ",,[],[]
"Fischer, Harry W. 
",,[],[]
"Chhatre, Ashwini ",,[],[]
"Fletcher, Robert",,[],[]
"Büscher, Bram",,[],[]
FOA,,[],[]
"Fontoura, Luisa
",,[],[]
"D’Agata, Stephanie ",,[],[]
"Frank, Stefan",,[],[]
"Havlík, Petr ",,[],[]
"Frankenberg, Christian",,[],[]
"Thorpe, Andrew K.",,[],[]
"Frechette, Alain",,[],[]
"Reytar, Katie ",,[],[]
"Friedman-Heiman, Aaron 
",,[],[]
"Miller, Shelie A.",,[],[]
"Fuller, Trevon L.",,[],[]
"Narins, Thomas P. ",,[],[]
"Furey, George N.",,[],[]
"Tilman, David",,[],[]
"Gaines, Steven D.",,[],[]
"Costello, Christopher ",,[],[]
"Garnett, Stephen T. ",,[],[]
"Burgess, Neil D. ",,[],[]
"Gasser, T.",,[],[]
"Kechiar, M. ",,[],[]
"Gatti, Roberto Cazzolla ",,[],[]
"Reich, Peter B. ",,[],[]
"Liang, Jingjing ",,[],[]
"Gentine, P. ",,[],[]
"Alemohammad, S.H.",,[],[]
"Gianni, M.",,[],[]
"Fuller, S.",,[],[]
"Giardina, Francesco",,[],[]
"Konings, Alexandra G. ",,[],[]
"Gibbs, H.K.
",,[],[]
"Salmon, J.M.",,[],[]
"Gibbs, David",,[],[]
"Harris, Nancy ",,[],[]
"Mountford, Helen",,[],[]
"Corfee-Morlot, Jan",,[],[]
"Pörtner, Hans-Otto ",,[],[]
"Roberts, Debra C. ",,[],[]
"Pharo, Per ",,[],[]
"Oppenheim, Jeremy ",,[],[]
Global Methane Initative,,[],[]
"Leal, Maricé ",,[],[]
"Spalding, Mark D.",,[],[]
"Golden Kroner, Rachel E. ",,[],[]
"Qin, Siyu ",,[],[]
"Gonzalez, Patrick ",,[],[]
"Kroll, Benjamín ",,[],[]
"Gonzalez, Andrew
",,[],[]
"Vihervaara, Petteri ",,[],[]
"Goodwin, Renee D. ",,[],[]
"Weinberger, Andrea H. ",,[],[]
"Gosling, Joe",,[],[]
"Jones, Matt I. ",,[],[]
"Griscoma, Bronson W. ",,[],[]
"Adams, Justin ",,[],[]
"Goodman, Rosa C.",,[],[]
"Grossman, Teo",,[],[]
"Crowfoot, Wade ",,[],[]
"Hayden, Tom ",,[],[]
"Grubler, Arnulf ",,[],[]
"Wilson, Charlie ",,[],[]
"Ritchie, Hannah",,[],[]
"Haddad, Nick M. ",,[],[]
"Brudvig, Lars A. ",,[],[]
"Hahn, Nathan",,[],[]
"Mwakatobe, Angela ",,[],[]
"Hall, Alex",,[],[]
"Berg, Neil ",,[],[]
"Hamburg, Steven P. ",,[],[]
"Vadeboncoeur, Matthew A. ",,[],[]
"Hanson, Jeffrey O. ",,[],[]
"Rhodes, Jonathan R. ",,[],[]
"Harden, Jennifer W. ",,[],[]
"Hugelius, Gustaf ",,[],[]
"Harper, Anna B. ",,[],[]
"Powell, Tom ",,[],[]
"Harris, Nancy L. ",,[],[]
"Gibbs, David A. ",,[],[]
"Haupt, F.",,[],[]
"Streck, C.",,[],[]
"Hausfather, Zeke",,[],[]
"Hayek, Matthew N. 
",,[],[]
"Harwatt, Helen ",,[],[]
"Heller, Martin C. ",,[],[]
"Keoleian, Gregory A. ",,[],[]
"Hendon, Harry ",,[],[]
"Watkins, Andrew B. ",,[],[]
"Heron, Scott F. ",,[],[]
"Maynard, Jeffrey A. ",,[],[]
"Herr, Dorothée",,[],[]
"Landis, E.",,[],[]
"Herrero, Mario ",,[],[]
"Thornton, Philip K.",,[],[]
"Slamersak, Aljosa ",,[],[]
"Hilbeck, Angelika ",,[],[]
"Binimelis, Rosa ",,[],[]
"Hill, S.L.L. ",,[],[]
"Harrison, M.L.K ",,[],[]
"Hipple, Kathy ",,[],[]
"Williams-Derry, Clark ",,[],[]
"Hobi, Martina L. ",,[],[]
"Dubinin, Maxim ",,[],[]
"Hoffmann, Samuel ",,[],[]
"Irl, Severin D. H. ",,[],[]
"Holz, Ceecee ",,[],[]
"Siegel, Lori S.",,[],[]
"Hoover, Coeli M. ",,[],[]
"Smith, James E. ",,[],[]
"Howard, Jennifer",,[],[]
"Sutton-Grier, Ariana E. ",,[],[]
"Huang, Yuanyuan ",,[],[]
"Chen, Yuxin ",,[],[]
"Hurlbert,  Margot ",,[],[]
"Krishnaswamy, Jagdish ",,[],[]
"Huwyler, Fabian",,[],[]
"Käppeli, Jürg",,[],[]
InterAcademy Partnership,,[],[]
IFIC,,[],[]
"Iizuka, Kotaro ",,[],[]
"Tateishi, Ryutaro ",,[],[]
"Shepherd, Andrew",,[],[]
"Ivins, Erik ",,[],[]
"Hawkins, Ed ",,[],[]
"Forster, Piers ",,[],[]
"Teixeira, Izabella ",,[],[]
"Potočnik, Janez",,[],[]
IUCN,,[],[]
"Smith, Jeff",,[],[]
"Jackson, Robert B. ",,[],[]
"Lajtha, Kate ",,[],[]
"Jacobson, Mark Z. ",,[],[]
"Delucchi, Mark A. ",,[],[]
"Jambeck, Jenna R. ",,[],[]
"Geyer, Roland ",,[],[]
"Jantz, Patrick ",,[],[]
"Goetz, Scott ",,[],[]
"Jarvie, Scott",,[],[]
"Svenning, Jens-Christian",,[],[]
"Jevrejeva, S.",,[],[]
"Jackson, L.P. ",,[],[]
"Jia, Gensuo ",,[],[]
"Shevliakova, Elena ",,[],[]
"Johnson-Bice, Sean M. ",,[],[]
"Gable, Thomas D. ",,[],[]
"Johnson, David",,[],[]
"DeSimio, Patrick",,[],[]
"Jones, Isabel J. ",,[],[]
"MacDonald, Andrew J. ",,[],[]
"Jones, C.D.",,[],[]
"Ciais, P.",,[],[]
"Jones, Kendall R.",,[],[]
"Venter, Oscar ",,[],[]
"Joshi, Anup R.",,[],[]
"Dinerstein, Eric ",,[],[]
"Jung, Martin",,[],[]
"Arnell, Andy ",,[],[]
"Araújo, Kathleen ",,[],[]
"Mahajan, Devinder ",,[],[]
"Kung, Kevin Su Yau",,[],[]
"Karali, Nihan",,[],[]
"Khanna, Nina ",,[],[]
"Karan, Shivesh Kishore ",,[],[]
"Woolf, Dominic ",,[],[]
"Kauffman, J. Boone ",,[],[]
"Bernardino, Angelo F. ",,[],[]
"Kauffman, Matthew J. ",,[],[]
"Cagnacci, Francesca ",,[],[]
"Kedward, Katie ",,[],[]
"Ryan-Collins, Josh ",,[],[]
"Keeley, Annika T.H. ",,[],[]
"Beier, Paul ",,[],[]
"Keenan, Jesse M.",,[],[]
"Hill, Thomas ",,[],[]
"Keith, Heather ",,[],[]
"Kun, Zoltàn ",,[],[]
"Kennedy, Christina M. ",,[],[]
"Fariss, Brandie ",,[],[]
"Oakleaf, James R.",,[],[]
"Kiers, Toby",,[],[]
"Sheldrake, Merlin",,[],[]
"Kikstra, Jarmo S. ",,[],[]
"Nicholls, Zebedee R. J. ",,[],[]
"Kim, HyeJin ",,[],[]
"Rosa, Isabel M. D. ",,[],[]
"Kiptot, Evelyne ",,[],[]
"Franzel, Steven ",,[],[]
"Knight, Michelle L. 
",,[],[]
"Overbeck, Gerhard E. ",,[],[]
"Knowlton, Nancy",,[],[]
"Köhl, Michael",,[],[]
"Neupane, Prem R. ",,[],[]
"Kondash, Andrew J.",,[],[]
"Lauer, Nancy E. ",,[],[]
"Konings, A. G. ",,[],[]
"Williams, A. P. ",,[],[]
"Koomen, Irene",,[],[]
"van der Lee, Jan ",,[],[]
"Kornhuber, Kai",,[],[]
"Coumou, Dim ",,[],[]
"Kozicka, Marta",,[],[]
"Kremen, C. ",,[],[]
"Merenlender, A. M. ",,[],[]
"Kroll, Matthias ",,[],[]
"Kuhlmann, Wolfgang",,[],[]
"Putt, Peg",,[],[]
"Kutos, S.",,[],[]
"Stricker, E. 
",,[],[]
"LaCanne, Claire
",,[],[]
"Lundgren, Jonathan G. ",,[],[]
"Lal, Rattan",,[],[]
"Smith, Pete ",,[],[]
"Lambertini, Marco",,[],[]
"Neo, Gim",,[],[]
"Lamboll, Robin",,[],[]
"Nicholls, Zebedee",,[],[]
"Landrigan, Philip J.",,[],[]
"Fuller, Richard ",,[],[]
"Lantz, Eric",,[],[]
"Roberts, Owen ",,[],[]
"Laurent, Éloi",,[],[]
"Galli, Alessandro ",,[],[]
"Lavery, Trish J. ",,[],[]
"Roudnew, Ben ",,[],[]
"Law, Beverly E.",,[],[]
"Hudiburg, Tara W. ",,[],[]
"Lawrence, Deborah

",,[],[]
"Coe, Michael ",,[],[]
"Lawrence, Deborah ",,[],[]
"Vandecar, Karen ",,[],[]
"Leadley, Paul",,[],[]
"Alkemade, Rob ",,[],[]
"Lefebvre, David",,[],[]
"Fawzy, Samer ",,[],[]
"McKay, David",,[],[]
"Staal, Arie",,[],[]
"Levitt, James ",,[],[]
"Navalkha, Chandni ",,[],[]
"Li, Guangdng
",,[],[]
"Fang, Chuanglin ",,[],[]
"Li, Mei",,[],[]
"Trencher, Gregory ",,[],[]
"Liang, Chao",,[],[]
"Amelung, Wulf ",,[],[]
"Lim, Eun-Pa",,[],[]
"Hendon, Harry H. ",,[],[]
"Limb, Braden J. ",,[],[]
"Quinn, Jason C. ",,[],[]
"Liotta, Charlotte 
",,[],[]
"Viguié, Vincent ",,[],[]
"Littleton, Emma W.",,[],[]
"Dooley, Kate ",,[],[]
"Liu, Zhu ",,[],[]
"Deng, Zhu ",,[],[]
"Liu, Yue-Chen",,[],[]
"Sun, Xin ",,[],[]
"Liu, Xiaojuan",,[],[]
"Trogisch, Stefan ",,[],[]
"Lovejoy, Thomas ",,[],[]
"Lovins, Amory B. 
",,[],[]
"Lowder, Sarah K",,[],[]
"Skoet, Jakob ",,[],[]
"Luby, Ian H. ",,[],[]
"Miller, Steve J. ",,[],[]
"Velasquez-Manoff, Moises ",,[],[]
"MacDonald, Alexander E.",,[],[]
"Clack, Christopher T. M. ",,[],[]
"Mackey, Brendan",,[],[]
"Campbell, Carly ",,[],[]
"Macreadie, Peter I.
",,[],[]
"Costa, Micheli D. P. ",,[],[]
"Maezumi, S. Yoshi ",,[],[]
"Alves, Daiana ",,[],[]
"Mahecha, M.D.
",,[],[]
"Bastos, A. ",,[],[]
"Mahowald, Natalie M.",,[],[]
"Ward, Daniel S.",,[],[]
RFI,,[],[]
"Malhi, Yadvinder",,[],[]
"Lander, Tonya ",,[],[]
"Markandya, Anil ",,[],[]
"González-Eguino, Mikel  ",,[],[]
Market & Markets,,[],[]
Martin et al.,,[],[]
"Marvin, David C.
",,[],[]
"Sleeter, Benjamin M. ",,[],[]
"Matthews, H. Damon ",,[],[]
"Zickfeld, Kirsten ",,[],[]
"Mayer, Allegra 
",,[],[]
"Silver, Whendee L. ",,[],[]
"Hausfather, Zeke ",,[],[]
"Mbow, Cheikh ",,[],[]
"Rosenzweig, Cynthia ",,[],[]
"McAlpine, Clive A.",,[],[]
"Johnson, Alex ",,[],[]
"McDonald, Robert I.",,[],[]
"Weber, Katherine ",,[],[]
"McKenna, Catherine ",,[],[]
"McNicol, Iain M. ",,[],[]
"Ryan, Casey M. ",,[],[]
"McRae, Brad",,[],[]
"Popper, Ken",,[],[]
"Mehrabi, Zia ",,[],[]
"Ellis, Erle C. ",,[],[]
"Meinshausen, Malte 
",,[],[]
"Schleussner, Carl-Friedrich ",,[],[]
"Mekuria, Wolde",,[],[]
"Simon, Langan ",,[],[]
"Mercado, Lina M. ",,[],[]
"Medlyn, Belinda E. ",,[],[]
"Meyfroidt, Patrick ",,[],[]
"de Bremond, Ariane ",,[],[]
"Mildrexler, David Joseph
",,[],[]
"Berner, Logan T.",,[],[]
"Mirzabaev, Alisher",,[],[]
"Wu, Jianguo ",,[],[]
"Mo, Lidong
",,[],[]
"Zohner, Constantin M. ",,[],[]
"Moebius-Clune, B.N.",,[],[]
"Moebius-Clune, D.J.",,[],[]
"Monahan, William B. ",,[],[]
"Theobald, David M. ",,[],[]
"Montgomery, David R. ",,[],[]
"Biklé, Anne ",,[],[]
"Moomaw, William R. 
",,[],[]
"Masino, Susan A. ",,[],[]
"Moore, Frances C. ",,[],[]
"Lacasse, Katherine ",,[],[]
"Moran, Daniel",,[],[]
"Wood, Richard ",,[],[]
"Morley, James W.",,[],[]
"Selden, Rebecca L. ",,[],[]
"Mottram, Ruth ",,[],[]
"Mozaffarian, Dariush",,[],[]
"El-Abbadi, Naglaa H. ",,[],[]
"Muffett, Carroll ",,[],[]
"Feit, Steven ",,[],[]
"Müller, Jörg",,[],[]
"Mitesser, Oliver ",,[],[]
"Myers, Samuel S. ",,[],[]
"Zanobetti, Antonella ",,[],[]
"Naidoo, R. ",,[],[]
"Gerkey, D. ",,[],[]
"Narango, Desiree L.",,[],[]
"Tallamy, Douglas W. ",,[],[]
"Wessler, Susan R. ",,[],[]
"Floros, John D.",,[],[]
"Schimel, David ",,[],[]
"Fisher, Joshua",,[],[]
National Parks Service,,[],[]
Nature Communications,,[],[]
"Nave, L. E. ",,[],[]
"Walters, B. F. ",,[],[]
"Nijsse, Femke J. M. M. 
",,[],[]
"Mercure, Jean-Francois ",,[],[]
"Noon, Monica L. ",,[],[]
"Goldstein, Allie ",,[],[]
"National Academies of Sciences, Engineering, and Medicine",,[],[]
d,,[],[]
"Winther-Janson, Marit ",,[],[]
"Oldfield, Emily E.",,[],[]
"Eagle, Alison J. ",,[],[]
"Olsson, Lennart",,[],[]
"Barbosa, Humberto ",,[],[]
"Ortiz-Bobea, Ariel",,[],[]
"Ault, Toby R. 
",,[],[]
"Ory, Joanna",,[],[]
"Schonbeck, Mark",,[],[]
"Ostfeld, Richard S.",,[],[]
"Levi, Taal ",,[],[]
"McMahon, Paul",,[],[]
"Palfrey, Rachel ",,[],[]
"Oldekop, Johan A. ",,[],[]
"Paniagua-Ramierez, Alexandra",,[],[]
"Krupinska, Oliwia",,[],[]
"Park, Chang-Eui ",,[],[]
"Jeong, Su-Jong ",,[],[]
"Parrott, Susan",,[],[]
"Brock, Karen",,[],[]
"Balvanera, Patricia ",,[],[]
"Paustian, Keith ",,[],[]
"Lehmann, Johannes ",,[],[]
"Collier, Sarah ",,[],[]
"Pearson, Pam ",,[],[]
"Peters, Marcell K.",,[],[]
"Hemp, Andreas ",,[],[]
Pollock Laura J.,,[],[]
"Thuiller, Wilfried ",,[],[]
"Poore, J. ",,[],[]
"Nemecek, T.",,[],[]
"Poorter, L. ",,[],[]
"van der Sande, M. T. ",,[],[]
"Potapov, Peter ",,[],[]
"Turubanova, Svetlana ",,[],[]
"Poulsen, John R.",,[],[]
"Rosin, Cooper ",,[],[]
"Poux, Xavier ",,[],[]
"Aubert, Pierre-Marie ",,[],[]
"Müller, Karin",,[],[]
"Oliver, Margaret",,[],[]
"Prestele, Reinhard ",,[],[]
"Hirsch, Annette L. ",,[],[]
"Pretty, Jules N.",,[],[]
"Benton, Tim G.",,[],[]
"McSweeney, Robert ",,[],[]
"Ram, Manish",,[],[]
"Ramirez-Delgado, Juan Pablo ",,[],[]
"Di Marco, Moreno ",,[],[]
"Rantanen, Mika 
",,[],[]
"Karpechko, Alexey Yu. ",,[],[]
"Thomson, Emma ",,[],[]
"Franklin, Hannah",,[],[]
"Lafortune, Guillaume ",,[],[]
"Sachs, Jeffrey",,[],[]
"Ray, Deepak K. ",,[],[]
"West, Paul C. ",,[],[]
"Rayden, Tim ",,[],[]
"Jones, Kendall R. ",,[],[]
"Reilly, John",,[],[]
"Paltsev, Sergey ",,[],[]
"Reiner, Florian ",,[],[]
"Brandt, Martin ",,[],[]
Riahi et al.,,[],[]
"Riggs, Peter ",,[],[]
"Mouginot, Jérémie ",,[],[]
Riley. W. J.,,[],[]
"Zhu, Q. ",,[],[]
"Rizzuto, Matteo
",,[],[]
"Leroux, Shawn J. ",,[],[]
"Roberts, Callum M. ",,[],[]
"O’Leary, Bethan C. ",,[],[]
"O'Leary, Bethan",,[],[]
"Allen, Harriet",,[],[]
"LaBruna, Danielle ",,[],[]
"Rockström, Johan ",,[],[]
"Kotzé, Louis ",,[],[]
"Rödig, Edna",,[],[]
"Cuntz, Matthias ",,[],[]
"Roe, Stephanie",,[],[]
"Streck, Charlotte ",,[],[]
"Rogelj, Joeri",,[],[]
"Popp, Alexander ",,[],[]
"Shindell, Drew ",,[],[]
"Rogers, Brendan M. ",,[],[]
"Rosa, Lorenzo",,[],[]
"Pereira, Henrique M. ",,[],[]
"Rowen, Elizabeth K. ",,[],[]
"Pearsons, Kirsten A. ",,[],[]
"Worsdell, Thomas",,[],[]
"Valencia, Laura ",,[],[]
"Rumpel, Cornelia",,[],[]
"Amiraslani, Farshad ",,[],[]
"Ryals, Rebecca ",,[],[]
"Hartman, Melannie D. ",,[],[]
"Kaiser, Michael ",,[],[]
"Sabatini, Francesco Maria",,[],[]
"Bluhm, Hendrik ",,[],[]
"Sala, Enric",,[],[]
"Mayorga, Juan ",,[],[]
"Sala, Enric ",,[],[]
"Giakoumi, Sylvaine ",,[],[]
"Rechberger, Kristin ",,[],[]
"Sampaio, Ricardo",,[],[]
"Morato, Ronaldo G. ",,[],[]
"Sánchez-Bayo, Francisco ",,[],[]
"Wyckhuys, Kris A.G. ",,[],[]
"Sanderman, Jonathan ",,[],[]
"Sandhu, Harpinder",,[],[]
"Sukhdev, Pavan ",,[],[]
"Sartore-Baldwin, Melanie ",,[],[]
"McCullough, Brian ",,[],[]
"Saura, Santiago",,[],[]
"Bastin, Lucy ",,[],[]
"Sawin, Janet L. ",,[],[]
"Seyboth, Kristin ",,[],[]
"Sayre, Roger ",,[],[]
"Karagulle, Deniz ",,[],[]
"McKinnon, Mathew (Ed.)",,[],[]
"Schauman, Santiago A. ",,[],[]
"Peñuelas, Josep ",,[],[]
"Schmitz, Oswald J. ",,[],[]
"Sylvén, Magnus ",,[],[]
"Montanarella, Luca (Ed.)",,[],[]
"Scholtz, Rheinhardt ",,[],[]
"Twidwell, Dirac ",,[],[]
"Jerkins, Diana",,[],[]
Schonbeck et al.,,[],[]
"Schreckenberg, Kate",,[],[]
"Mace, Georgina ",,[],[]
"Schultheiss, Patrick",,[],[]
"Nooten, Sabine S. ",,[],[]
"Schuster, Richard ",,[],[]
"Germain, Ryan R. ",,[],[]
"Schwartz, Judith D. ",,[],[]
"Scott, C. E. ",,[],[]
"Monks, S. A. ",,[],[]
"Wirsenius, Stefan ",,[],[]
"Searchinger, Tim ",,[],[]
"Waite, Richard ",,[],[]
"Seymour, Frances ",,[],[]
"Busch, Jonah ",,[],[]
"Sheil, Douglas ",,[],[]
"Shen, Xiaoli ",,[],[]
"Liu, Mingzhang ",,[],[]
"Vergara, Sintana E. ",,[],[]
"Silvestro, Daniele ",,[],[]
"Goria, Stefano ",,[],[]
"Akhtar, Shazabe",,[],[]
"Conway, Daragh",,[],[]
"de Siqueira, Ludmila P. ",,[],[]
"Tedesco, Anazelia M. ",,[],[]
"Skole, David L. ",,[],[]
"Slusarewicz, Joanna ",,[],[]
"Cohan, Daniel",,[],[]
"Wouterse, Fleur ",,[],[]
"Badiane, Ousmane ",,[],[]
"Smith, C.",,[],[]
"Baker, J.C.A.",,[],[]
"Smith, Pete",,[],[]
"Price, Jeff",,[],[]
"Smith, Jeffrey",,[],[]
"Letten, Andrew",,[],[]
"Nkem, Johnson ",,[],[]
"Smucker, Glenn",,[],[]
"Timyan, Joel",,[],[]
"Song, Shanshan
",,[],[]
"Li, Wei",,[],[]
"Song, Xiao-Peng ",,[],[]
"Huang, Chengquan ",,[],[]
"Soto-Navarro, C.",,[],[]
"Ravilious, C.",,[],[]
"Sovacool, Benjamin",,[],[]
"Jinsoo, Kim",,[],[]
"Spawn, Seth
",,[],[]
"Sullivan, Clare",,[],[]
"Spiliopoulou, Konstantina
",,[],[]
"Brooks, Thomas",,[],[]
"Springmann, Marco",,[],[]
"Clark, Michael",,[],[]
"Stanley, Paige",,[],[]
"Rowntree, Jason",,[],[]
"Steffen, Will",,[],[]
"Rockstrom, Johan",,[],[]
"Stephenson, N.L.",,[],[]
"Das, A.J.",,[],[]
"Sterman, John",,[],[]
"Siegel, Lori",,[],[]
"Stolton, Sue",,[],[]
"Dudley, Nigel",,[],[]
"Stone, Glen Davis",,[],[]
"Strassburg, Bernardo
",,[],[]
"Iribarrem, Alvaro ",,[],[]
"Beyer, Hawthorne ",,[],[]
"Sun, Yuwei ",,[],[]
"Zhang, Hongming ",,[],[]
"Sze, Jocelyn",,[],[]
"Carrasco, L. Roman ",,[],[]
"Childs, Dylan",,[],[]
"LePage, Michael",,[],[]
"Tallis, Heather",,[],[]
"Hawthorne, Peter",,[],[]
"Tang, Liang
",,[],[]
"Werner, Tim",,[],[]
"Tauli-Corpuz, Vicky
",,[],[]
"Alcorn, Janis",,[],[]
"Taylor, Betsy",,[],[]
"Teske, Sven
",,[],[]
"Rispler, Jonathan",,[],[]
"Guerrero, Jaysson ",,[],[]
"Thackery, Chad",,[],[]
"Timmers, Robert
",,[],[]
"van Kuijk, Marijke ",,[],[]
"MacKeracher, Tracy ",,[],[]
"Diedrich, Amy ",,[],[]
Transport & Environment (T & E),,[],[]
"Trimmer, John  ",,[],[]
"Guest, Jeremy",,[],[]
"Trouwborst, Arie",,[],[]
"Svenning, Jens-Christian ",,[],[]
"Tubiello, Francesco",,[],[]
"Cóndor-Golec, Rocío ",,[],[]
"Turetsky, Merritt",,[],[]
"Abbott, Benjamin ",,[],[]
"Turner, P.A.",,[],[]
"Mach, K.J.",,[],[]
"Klein, Alexandra-Maria",,[],[]
"Boreux, Virginie ",,[],[]
"Chotte, J.",,[],[]
"Aynekulu, E.",,[],[]
"Mulder, Ivo",,[],[]
"Blin, Aurelia ",,[],[]
"Ayuk, Elias ",,[],[]
"Ramaswami, Anu
",,[],[]
United Nations,,[],[]
"Uroy, Léa
",,[],[]
"Mony, Cendrine ",,[],[]
"Dumas, Carol Ryan ",,[],[]
USEIA,,[],[]
"De Sy, V. ",,[],[]
"Herold, M.",,[],[]
"van Tiel, Nina ",,[],[]
"Fopp, Fabian ",,[],[]
"Evans, Simon ",,[],[]
"van der Sande, Masha",,[],[]
"Poorter, Lourens ",,[],[]
"Veit, Peter ",,[],[]
"Venter, Oscar",,[],[]
"Magrach, Ainhoa ​​",,[],[]
"Vergara, Sintana ",,[],[]
"Silver, Whendee ",,[],[]
"Middletown, Jess",,[],[]
"Nichols, Will",,[],[]
"Vermeulen, Sonja ",,[],[]
"Bossio, Deborah ",,[],[]
"Etter, Hannes ",,[],[]
"Vera, Andrea ",,[],[]
"Verschuur, Jasper 
",,[],[]
"Koks, Elco ",,[],[]
"Vervuurt, W.
",,[],[]
"Slingerland, M. A. ",,[],[]
"Villat, Jessica
",,[],[]
"Nicholas, Kimberly Ann ",,[],[]
"Visbeck, Martin",,[],[]
"Vollset, Stein Emil ",,[],[]
"Goren, Emily ",,[],[]
"van Vuuren, Detlef ",,[],[]
"Stehfest, Elke ",,[],[]
"Cowan, Carolyn",,[],[]
"Vynne, Carly
",,[],[]
"Dovichin, Erin ",,[],[]
"Gosling, Joe ",,[],[]
"Waidelich, Paul
",,[],[]
"Batibeniz, Fulden ",,[],[]
"Waldron, Anthony",,[],[]
"Miller, Daniel C.",,[],[]
"Waliczky, Zoltan ",,[],[]
"Wallace-Wells, David",,[],[]
"Walter, Daan
",,[],[]
"Bond, Kingsmill",,[],[]
"Ward, Michelle
",,[],[]
"Saura, Santiago ",,[],[]
"Warner, Emily
",,[],[]
"Cook-Patton, Susan ",,[],[]
"Watson, James",,[],[]
"Venegas-Li, Ruben ",,[],[]
"Shanahan, Danielle ",,[],[]
"Evans, Tom ",,[],[]
"Wauchope, Hannah
",,[],[]
"Amano, Tatsuya ",,[],[]
"Way, Rupert
",,[],[]
"Ives, Matthew ",,[],[]
"Collins, Aengus ",,[],[]
"Weiskopf, Sarah
",,[],[]
"Isbell, Forest ",,[],[]
"Weisse, Mikaela",,[],[]
"Goldman, Elizabeth ",,[],[]
"Weissman, Gideon ",,[],[]
"Cross, Rachel J. ",,[],[]
"Wells, Mark",,[],[]
"Potin, Philippe ",,[],[]
"West, Thales A. P. ",,[],[]
"Wunder, Sven ",,[],[]
"West, B. Jason",,[],[]
"Haake, Danelle ",,[],[]
"White, Thomas
",,[],[]
"Petrovan, Silviu",,[],[]
WHO,,[],[]
"Willcock, Simon
",,[],[]
"Hooftman, Danny A. P. ",,[],[]
"Phillips, Oliver L. ",,[],[]
"Willer, Helga",,[],[]
"Lernoud, Julia",,[],[]
"Willett, Walter",,[],[]
"Wilmers, Christopher C. ",,[],[]
"Wilson, E.O. ",,[],[]
"Wintle, Brendan A. ",,[],[]
"Kujala, Heini ",,[],[]
"Wolf, Sebastian
",,[],[]
"Paul-Limoges, Eugénie ",,[],[]
"Wolf, Julie",,[],[]
"Asrar, Ghassem R.",,[],[]
"Wollenberg, Eva",,[],[]
"Richards, Meryl",,[],[]
"Wolosin, Michael",,[],[]
"Harris, Nancy",,[],[]
"Wolz, Kevin",,[],[]
"Lovell, Sarah",,[],[]
"DeLucia, Evan ",,[],[]
World Bank,,[],[]
World Water Council,,[],[]
"Worthington, Thomas A. 

",,[],[]
"Spalding, Mark Douglas 

",,[],[]
"Minnemeyer, Susan ",,[],[]
"Laestadius, Lars ",,[],[]
"Wright, Jonathon S. ",,[],[]
"Rong, Fu",,[],[]
"Wunderling, Nico",,[],[]
"Winkelmann, Ricarda ",,[],[]
WWF,,[],[]
"Barrett, Mike",,[],[]
"Belward, Alan ",,[],[]
"WWF
",,[],[]
"Johnson, Christopher M. ",,[],[]
"Reisinger, Ryan R. ",,[],[]
"Yadav, Kamini",,[],[]
"Congalton, Russell G. ",,[],[]
"Yang, Yi",,[],[]
"Furey, George ",,[],[]
"Yang, Rui
",,[],[]
"Cao, Yue",,[],[]
"Yee, Thomas",,[],[]
"Trinh, Sissy ",,[],[]
"Yulianto, Irfan",,[],[]
"Booth, Hollie",,[],[]
"Yumashev, Dmitry",,[],[]
"Hope, Chris",,[],[]
"Zarin, Daniel",,[],[]
"Zhang, Rui
",,[],[]
"Lu, Yafeng ",,[],[]
"Zhang, Yao",,[],[]
"Joiner, Joanna ",,[],[]
"Zhao, Haokai ",,[],[]
"Themelis, Nickolas J. 
",,[],[]
"Zhu, Yingtong
",,[],[]
"Prescott, Graham W. ",,[],[]
"Zomer, Robert J. ",,[],[]
"Neufeldt, Henry ",,[],[]
Zoological Society of London,,[],[]
Food and Agriculture Organization of the United Nations,,[],[]
IAFN Secretariat,,[],[]
The Carbon Underground and Regenerative Agriculture Initiative,,[],[]
NOAA,,[],[]
World Bank Group,,[],[]
The White House,,[],[]
Mongabay,,[],[]
Marine Bio,,[],[]
REN21,,[],[]
